"ListTitle","Title","InternalName","TypeAsString","Required","ReadOnlyField","Hidden","DefaultValue","Choices"
"Decisoes do Board","Id. de tipos de contenido","ContentTypeId","ContentTypeId","False","True","True",,""
"Decisoes do Board","Título","Title","Text","True","False","False",,""
"Decisoes do Board","Comentarios del aprobador","_ModerationComments","Note","False","True","True",,""
"Decisoes do Board","Tipo de archivo","File_x0020_Type","Text","False","True","True",,""
"Decisoes do Board","Color","_ColorHex","Text","False","True","True",,""
"Decisoes do Board","Etiqueta de color","_ColorTag","Text","False","True","False",,""
"Decisoes do Board","Emoji","_Emoji","Text","False","True","True",,""
"Decisoes do Board","Id. de activo de cumplimiento normativo","ComplianceAssetId","Text","False","True","False",,""
"Decisoes do Board","DecisionID","DecisionID","Text","True","False","False",,""
"Decisoes do Board","ProjectID","ProjectID","Text","True","False","False",,""
"Decisoes do Board","Descricao","Descricao","Note","True","False","False",,""
"Decisoes do Board","Solicitante","Solicitante","User","True","False","False",,""
"Decisoes do Board","Aprovador","Aprovador","User","True","False","False",,""
"Decisoes do Board","Prazo","Prazo","DateTime","False","False","False",,""
"Decisoes do Board","Status","StatusDecisao","Choice","True","False","False",,"Pendente|Aprovada|Rejeitada|Adiada|Cancelada"
"Decisoes do Board","Resposta","Resposta","Note","False","False","False",,""
"Decisoes do Board","DataResposta","DataResposta","DateTime","False","False","False",,""
"Decisoes do Board","Impacto","Impacto","Choice","False","False","False",,"Baixo|Medio|Alto|Critico"
"Decisoes do Board","Justificativa","Justificativa","Note","False","False","False",,""
"Decisoes do Board","ApproverUPN","ApproverUPN","Text","False","False","False",,""
"Decisoes do Board","CardVersion","CardVersion","Text","False","False","False",,""
"Decisoes do Board","ResponseSource","ResponseSource","Choice","False","False","False",,"AdaptiveCard|CopilotStudio|Manual"
"Decisoes do Board","Deleted","Deleted","Boolean","False","False","False","0",""
"Decisoes do Board","DeletedAt","DeletedAt","DateTime","False","False","False",,""
"Decisoes do Board","DeletedReason","DeletedReason","Text","False","False","False",,""
"Decisoes do Board","DeletedByUPN","DeletedByUPN","Text","False","False","False",,""
"Decisoes do Board","ID","ID","Counter","False","True","False",,""
"Decisoes do Board","Tipo de contenido","ContentType","Computed","False","False","False",,""
"Decisoes do Board","Modificado","Modified","DateTime","False","True","False",,""
"Decisoes do Board","Creado","Created","DateTime","False","True","False",,""
"Decisoes do Board","Creado por","Author","User","False","True","False",,""
"Decisoes do Board","Modificado por","Editor","User","False","True","False",,""
"Decisoes do Board","Tiene destinos de copia","_HasCopyDestinations","Boolean","False","True","True",,""
"Decisoes do Board","Copiar origen","_CopySource","Text","False","True","True",,""
"Decisoes do Board","owshiddenversion","owshiddenversion","Integer","False","True","True",,""
"Decisoes do Board","Versión del flujo de trabajo","WorkflowVersion","Integer","False","True","True",,""
"Decisoes do Board","Versión de IU","_UIVersion","Integer","False","True","True",,""
"Decisoes do Board","Versión","_UIVersionString","Text","False","True","False",,""
"Decisoes do Board","Datos adjuntos","Attachments","Attachments","False","False","False",,""
"Decisoes do Board","Estado de aprobación","_ModerationStatus","ModStat","False","True","True","0","0;#Aprobado|1;#Rechazado|2;#En espera|3;#Borrador|4;#Programado"
"Decisoes do Board","Editar","Edit","Computed","False","True","False",,""
"Decisoes do Board","Título","LinkTitleNoMenu","Computed","False","True","False",,""
"Decisoes do Board","Título","LinkTitle","Computed","False","True","False",,""
"Decisoes do Board","Título","LinkTitle2","Computed","False","True","True",,""
"Decisoes do Board","Seleccionar","SelectTitle","Computed","False","True","True",,""
"Decisoes do Board","Id. de instancia","InstanceID","Integer","False","True","True",,""
"Decisoes do Board","Orden","Order","Number","False","False","True",,""
"Decisoes do Board","GUID","GUID","Guid","False","True","True",,""
"Decisoes do Board","Id. de instancia de flujo de trabajo","WorkflowInstanceID","Guid","False","True","True",,""
"Decisoes do Board","Dirección URL","FileRef","Lookup","False","True","True",,""
"Decisoes do Board","Ruta de acceso","FileDirRef","Lookup","False","True","True",,""
"Decisoes do Board","Modificado","Last_x0020_Modified","Lookup","False","True","True",,""
"Decisoes do Board","Creado","Created_x0020_Date","Lookup","False","True","True",,""
"Decisoes do Board","Tipo de elemento","FSObjType","Lookup","False","True","True",,""
"Decisoes do Board","Tipo de ordenación","SortBehavior","Lookup","False","True","True",,""
"Decisoes do Board","Máscara de permisos efectivos","PermMask","Computed","False","True","True",,""
"Decisoes do Board","Recuento de entidades de seguridad","PrincipalCount","Computed","False","True","True",,""
"Decisoes do Board","Nombre","FileLeafRef","File","False","False","True",,""
"Decisoes do Board","Id. único","UniqueId","Lookup","False","True","True",,""
"Decisoes do Board","Identificador primario de documento","ParentUniqueId","Lookup","False","True","True",,""
"Decisoes do Board","Identificador del cliente","SyncClientId","Lookup","False","True","True",,""
"Decisoes do Board","ProgId","ProgId","Lookup","False","True","True",,""
"Decisoes do Board","ScopeId","ScopeId","Lookup","False","True","True",,""
"Decisoes do Board","Tipo de archivo HTML","HTML_x0020_File_x0020_Type","Computed","False","True","True",,""
"Decisoes do Board","Editar inicio de tabla de menús","_EditMenuTableStart","Computed","False","True","True",,""
"Decisoes do Board","Editar inicio de tabla de menús","_EditMenuTableStart2","Computed","False","True","True",,""
"Decisoes do Board","Editar fin de tabla de menús","_EditMenuTableEnd","Computed","False","True","True",,""
"Decisoes do Board","Nombre","LinkFilenameNoMenu","Computed","False","True","True",,""
"Decisoes do Board","Nombre","LinkFilename","Computed","False","True","True",,""
"Decisoes do Board","Nombre","LinkFilename2","Computed","False","True","True",,""
"Decisoes do Board","Tipo","DocIcon","Computed","False","True","False",,""
"Decisoes do Board","Dirección URL relativa al servidor","ServerUrl","Computed","False","True","True",,""
"Decisoes do Board","Dirección URL absoluta codificada","EncodedAbsUrl","Computed","False","True","True",,""
"Decisoes do Board","Nombre de archivo","BaseName","Computed","False","True","True",,""
"Decisoes do Board","Contenedor de propiedades","MetaInfo","Lookup","False","False","True",,""
"Decisoes do Board","Nivel","_Level","Integer","False","True","True",,""
"Decisoes do Board","es la versión actual","_IsCurrentVersion","Boolean","False","True","True",,""
"Decisoes do Board","Número secundario de elemento","ItemChildCount","Lookup","False","True","False",,""
"Decisoes do Board","Recuento secundario de carpetas","FolderChildCount","Lookup","False","True","False",,""
"Decisoes do Board","Restringido","Restricted","Lookup","False","True","True",,""
"Decisoes do Board","Identificador del originador","OriginatorId","Lookup","False","True","True",,""
"Decisoes do Board","NoExecute","NoExecute","Lookup","False","True","True",,""
"Decisoes do Board","Versión del contenido","ContentVersion","Lookup","False","True","True",,""
"Decisoes do Board","Configuración de la etiqueta","_ComplianceFlags","Lookup","False","True","False",,""
"Decisoes do Board","Etiqueta de retención","_ComplianceTag","Lookup","False","True","False",,""
"Decisoes do Board","Etiqueta de retención aplicada","_ComplianceTagWrittenTime","Lookup","False","True","False",,""
"Decisoes do Board","Usuario que ha aplicado la etiqueta:","_ComplianceTagUserId","Lookup","False","True","False",,""
"Decisoes do Board","El elemento es un registro","_IsRecord","Computed","False","True","False",,""
"Decisoes do Board","Directiva de acceso","AccessPolicy","Lookup","False","True","True",,""
"Decisoes do Board","VirusStatus","_VirusStatus","Lookup","False","True","True",,""
"Decisoes do Board","VirusVendorID","_VirusVendorID","Lookup","False","True","True",,""
"Decisoes do Board","VirusInfo","_VirusInfo","Lookup","False","True","True",,""
"Decisoes do Board","RansomwareAnomalyMetaInfo","_RansomwareAnomalyMetaInfo","Lookup","False","True","True",,""
"Decisoes do Board","Id. de propietario del borrador","_DraftOwnerId","Lookup","False","True","True",,""
"Decisoes do Board","Configuración del vínculo principal","MainLinkSettings","Computed","False","True","True",,""
"Decisoes do Board","Aplicación creada por","AppAuthor","Lookup","False","True","False",,""
"Decisoes do Board","Aplicación modificada por","AppEditor","Lookup","False","True","False",,""
"Decisoes do Board","Tamaño total","SMTotalSize","Lookup","False","True","True",,""
"Decisoes do Board","Última modificación","SMLastModifiedDate","Lookup","False","True","True",,""
"Decisoes do Board","Tamaño total de las secuencias de archivo","SMTotalFileStreamSize","Lookup","False","True","True",,""
"Decisoes do Board","Recuento total de archivos","SMTotalFileCount","Lookup","False","True","True",,""
"Decisoes do Board","Configuración de los comentarios","_CommentFlags","Lookup","False","True","True",,""
"Decisoes do Board","Recuento de comentarios","_CommentCount","Lookup","False","True","True",,""
